latin,sanskrit,hi,ta,bn,synonyms
Curcuma longa,haridra,haldi,manjal,halud,turmeric
Azadirachta indica,nimba,neem,vembu,neem,margosa
Withania somnifera,ashwagandha,asgandh,amukkara,ashwagandha,winter cherry
Ocimum tenuiflorum,tulasi,tulsi,thulasi,tulsi,holy basil
Terminalia chebula,haritaki,harad,kadukkai,haritaki,black myrobalan
Terminalia bellirica,bibhitaki,baheda,thandrikkai,bahera,beleric
Phyllanthus emblica,amalaki,amla,nellikkai,amloki,indian gooseberry
Zingiber officinale,ardraka,adrak,inji,ada,ginger
Piper nigrum,marica,kali mirch,milagu,gol morich,black pepper
Piper longum,pippali,pipal,thippili,pipul,long pepper
Commiphora wightii,guggulu,guggul,guggul,guggul,indian bdellium
Boswellia serrata,shallaki,salai,kundurukkam,salai,indian frankincense
Bacopa monnieri,brahmi,brahmi,brahmi,brahmi,water hyssop
Centella asiatica,mandukaparni,mandukaparni,vallarai,thankuni,indian pennywort
Tinospora cordifolia,guduchi,giloy,seenthil,gulancha,heart-leaved moonseed
Asparagus racemosus,shatavari,shatavari,thaneervittan kizhangu,shatamuli,wild asparagus
Cinnamomum verum,tvak,dalchini,karuvapattai,daruchini,cinnamon
Elettaria cardamomum,ela,elaichi,elakkai,elach,cardamom
Santalum album,chandana,chandan,chandanam,chandan,sandalwood
Rauvolfia serpentina,sarpagandha,sarpagandha,sarpagandhi,sarpagandha,indian snakeroot
